Variavel,Coeficiente
Savitzky-Golay,86.58506272236767
Precipitacao_total_mm,-0.0013188869702360454
Temp_media_C,0.3395012686874852
